Customer_ID,Name,Gender,Age,City,Purchase_Amount,Purchase_Date
C001,Anu,Female,23.0,Hyderabad,2500.5,2026-01-15
C002,Ravi,Male,31.0,Hyderabad,1800.0,
C003,Priya,Female,27.0,Bangalore,3200.75,
C004,Kiran,Male,45.0,Bangalore,4500.0,
C005,Sneha,Female,31.0,Chennai,3200.75,2026-05-20
C006,Arun,Male,29.0,Chennai,2100.0,
C007,Meena,Female,34.0,Hyderabad,5000.0,2026-07-12
C008,Rahul,Male,31.0,Hyderabad,999999.0,
C009,Divya,Female,26.0,Mumbai,2750.0,
C010,Suresh,Female,41.0,Mumbai,3900.0,2026-10-01
C011,Pooja,Female,31.0,Chennai,1500.0,2026-11-05
C013,Lakshmi,Female,24.0,Delhi,3200.75,
C014,Ramesh,Male,52.0,Delhi,4200.0,2026-12-20
